{
  "parent": "environmental:adventure/obtain_explorer_gear",
  "display": {
    "icon": {
      "item": "environmental:healer_pouch"
    },
    "title": {
      "translate": "advancements.crucial.override.upgrade_healer_pouch.title"
    },
    "description": {
      "translate": "advancements.crucial.override.upgrade_healer_pouch.description"
    },
    "frame": "goal",
    "show_toast": true,
    "announce_to_chat": true,
    "hidden": false
  },
  "criteria": {
    "upgrade": {
      "trigger": "environmental:upgrade_gear",
      "conditions": {
        "item": "environmental:healer_pouch"
      }
    }
  }
}