https://files.minecraftforge.net/maven/net/minecraftforge/forge/1.16.5-36.2.2/forge-1.16.5-36.2.2-installer.jar,forge-installer.jar
https://edge.forgecdn.net/files/3103/750/towers_of_the_wild-1.16.4-2.0.1.jar,mods/towers_of_the_wild-1.16.4-2.0.1.jar
https://edge.forgecdn.net/files/3474/499/Bookshelf-Forge-1.16.5-10.3.29.jar,mods/Bookshelf-Forge-1.16.5-10.3.29.jar
https://edge.forgecdn.net/files/3486/455/jei-1.16.5-7.7.1.125.jar,mods/jei-1.16.5-7.7.1.125.jar
https://edge.forgecdn.net/files/3342/861/Bayou-Blues-1.16.5-1.0.5.jar,mods/Bayou-Blues-1.16.5-1.0.5.jar
https://edge.forgecdn.net/files/3172/881/Toast-Control-1.16.4-4.3.1.jar,mods/Toast-Control-1.16.4-4.3.1.jar
https://edge.forgecdn.net/files/3250/108/Abundance-1.16.5-1.0.5.jar,mods/Abundance-1.16.5-1.0.5.jar
https://edge.forgecdn.net/files/3392/1/peculiars-1.16.5-2.0.0.jar,mods/peculiars-1.16.5-2.0.0.jar
https://edge.forgecdn.net/files/3330/403/DefaultOptions_1.16.5-12.2.1.jar,mods/DefaultOptions_1.16.5-12.2.1.jar
https://edge.forgecdn.net/files/3175/92/extraboats-1.16.5-2.1.0.jar,mods/extraboats-1.16.5-2.1.0.jar
https://edge.forgecdn.net/files/3442/267/EnchantmentDescriptions-1.16.5-7.0.16.jar,mods/EnchantmentDescriptions-1.16.5-7.0.16.jar
https://edge.forgecdn.net/files/3458/794/Iron%20and%20Gold%20from%201.17.jar,mods/Iron_and_Gold_from_1.17.jar
https://edge.forgecdn.net/files/3214/653/charmonium-forge-1.16.5-2.3.2.jar,mods/charmonium-forge-1.16.5-2.3.2.jar
https://edge.forgecdn.net/files/3496/27/sulfuric-1.1.jar,mods/sulfuric-1.1.jar
https://edge.forgecdn.net/files/3416/596/bamboo_blocks-1.16.5-3.0.0.jar,mods/bamboo_blocks-1.16.5-3.0.0.jar
https://edge.forgecdn.net/files/3414/746/forgery-1.16-1.3.5-rc2.jar,mods/forgery-1.16-1.3.5-rc2.jar
https://edge.forgecdn.net/files/3339/353/carryon-1.16.5-1.15.5.15.jar,mods/carryon-1.16.5-1.15.5.15.jar
https://edge.forgecdn.net/files/3292/171/PackMenu-1.16.4-2.4.2.jar,mods/PackMenu-1.16.4-2.4.2.jar
https://edge.forgecdn.net/files/3226/442/savageandravage-1.16.5-3.1.0.jar,mods/savageandravage-1.16.5-3.1.0.jar
https://edge.forgecdn.net/files/3468/722/JEITweaker-1.16.5-1.0.1.35.jar,mods/JEITweaker-1.16.5-1.0.1.35.jar
https://edge.forgecdn.net/files/3221/772/neapolitan-1.16.5-2.1.0.jar,mods/neapolitan-1.16.5-2.1.0.jar
https://edge.forgecdn.net/files/3249/419/upgrade_aquatic-1.16.5-3.1.0.jar,mods/upgrade_aquatic-1.16.5-3.1.0.jar
https://edge.forgecdn.net/files/3402/515/StorageDrawers-1.16.3-8.3.0.jar,mods/StorageDrawers-1.16.3-8.3.0.jar
https://edge.forgecdn.net/files/3237/331/skinned_lanterns-1.16.5-1.3.1.jar,mods/skinned_lanterns-1.16.5-1.3.1.jar
https://edge.forgecdn.net/files/3462/13/architectury-1.23.33-forge.jar,mods/architectury-1.23.33-forge.jar
https://edge.forgecdn.net/files/3476/854/ftb-library-forge-1605.3.3-build.74.jar,mods/ftb-library-forge-1605.3.3-build.74.jar
https://edge.forgecdn.net/files/3101/87/shulker_enchantments-1.1.1.jar,mods/shulker_enchantments-1.1.1.jar
https://edge.forgecdn.net/files/3479/579/Paraglider-1.16.5-1.3.2.2.jar,mods/Paraglider-1.16.5-1.3.2.2.jar
https://edge.forgecdn.net/files/3496/25/magnesium-1.1.2.jar,mods/magnesium-1.1.2.jar
https://edge.forgecdn.net/files/3311/352/cloth-config-4.11.26-forge.jar,mods/cloth-config-4.11.26-forge.jar
https://edge.forgecdn.net/files/3440/17/Waystones_1.16.5-7.6.3.jar,mods/Waystones_1.16.5-7.6.3.jar
https://edge.forgecdn.net/files/3199/872/OpenLoader-1.16.5-9.0.3.jar,mods/OpenLoader-1.16.5-9.0.3.jar
https://edge.forgecdn.net/files/3492/379/Chimes-1.0.0-1.16.5.jar,mods/Chimes-1.0.0-1.16.5.jar
https://edge.forgecdn.net/files/3377/53/Kiwi-1.16.5-3.5.2.jar,mods/Kiwi-1.16.5-3.5.2.jar
https://edge.forgecdn.net/files/3341/324/allurement-1.16.5-1.2.0.jar,mods/allurement-1.16.5-1.2.0.jar
https://edge.forgecdn.net/files/3226/433/buzzier_bees-1.16.5-3.0.1.jar,mods/buzzier_bees-1.16.5-3.0.1.jar
https://edge.forgecdn.net/files/3397/138/differentiate-1.16.5-0.5.3.jar,mods/differentiate-1.16.5-0.5.3.jar
https://edge.forgecdn.net/files/3383/394/sapience-1.16.5-1.1.2.jar,mods/sapience-1.16.5-1.1.2.jar
https://edge.forgecdn.net/files/3442/748/abnormals_delight-1.16.5-1.2.0.jar,mods/abnormals_delight-1.16.5-1.2.0.jar
https://edge.forgecdn.net/files/3467/445/Jade-1.16.4-2.8.0.jar,mods/Jade-1.16.4-2.8.0.jar
https://edge.forgecdn.net/files/3474/528/bedspreads-forge-1.16.5-5.1.0.3.jar,mods/bedspreads-forge-1.16.5-5.1.0.3.jar
https://edge.forgecdn.net/files/3487/698/infernal-expansion-2.3.2.jar,mods/infernal-expansion-2.3.2.jar
https://edge.forgecdn.net/files/3249/309/atmospheric-1.16.5-3.1.0.jar,mods/atmospheric-1.16.5-3.1.0.jar
https://edge.forgecdn.net/files/3474/910/CyclopsCore-1.16.5-1.11.10.jar,mods/CyclopsCore-1.16.5-1.11.10.jar
https://edge.forgecdn.net/files/3414/676/Architects-Palette-1.16.4-1.1.4.jar,mods/Architects-Palette-1.16.4-1.1.4.jar
https://edge.forgecdn.net/files/3353/212/Enhanced-Mushrooms-1.16.5-3.0.9.jar,mods/Enhanced-Mushrooms-1.16.5-3.0.9.jar
https://edge.forgecdn.net/files/3414/517/Inspirations-1.16.5-1.2.3.38.jar,mods/Inspirations-1.16.5-1.2.3.38.jar
https://edge.forgecdn.net/files/3416/597/environmental-1.16.5-1.1.0.jar,mods/environmental-1.16.5-1.1.0.jar
https://edge.forgecdn.net/files/3443/261/SnowRealMagic-1.16.4-2.6.1.jar,mods/SnowRealMagic-1.16.4-2.6.1.jar
https://edge.forgecdn.net/files/3047/440/ScreenshotToClipboard-1.15.1-1.0.5.jar,mods/ScreenshotToClipboard-1.15.1-1.0.5.jar
https://edge.forgecdn.net/files/3441/28/citadel-1.8.1-1.16.5.jar,mods/citadel-1.8.1-1.16.5.jar
https://edge.forgecdn.net/files/3495/875/geckolib-forge-1.16.5-3.0.48.jar,mods/geckolib-forge-1.16.5-3.0.48.jar
https://edge.forgecdn.net/files/3103/28/swingthroughgrass-1.16.4-1.5.3.jar,mods/swingthroughgrass-1.16.4-1.5.3.jar
https://edge.forgecdn.net/files/3452/251/bundlesplus-0.2.0.jar,mods/bundlesplus-0.2.0.jar
https://edge.forgecdn.net/files/3398/190/antiqueatlas-6.0.1-forge-mc1.16.5.jar,mods/antiqueatlas-6.0.1-forge-mc1.16.5.jar
https://edge.forgecdn.net/files/3151/3/decorative_winter-0.1.2.jar,mods/decorative_winter-0.1.2.jar
https://edge.forgecdn.net/files/3350/872/fish_in_planks-1.16.5-0.4.jar,mods/fish_in_planks-1.16.5-0.4.jar
https://edge.forgecdn.net/files/3154/938/endergetic-1.16.4-3.0.0.jar,mods/endergetic-1.16.4-3.0.0.jar
https://edge.forgecdn.net/files/3494/974/YungsBridges-Forge-1.16.4-1.0.1.jar,mods/YungsBridges-Forge-1.16.4-1.0.1.jar
https://edge.forgecdn.net/files/3410/55/secondchanceforge-1.2.0.jar,mods/secondchanceforge-1.2.0.jar
https://edge.forgecdn.net/files/3164/93/itemzoom-1.16.x-2.2.1.jar,mods/itemzoom-1.16.x-2.2.1.jar
https://edge.forgecdn.net/files/3288/746/DynamicSurroundings-1.16.4-4.0.4.2.jar,mods/DynamicSurroundings-1.16.4-4.0.4.2.jar
https://edge.forgecdn.net/files/3487/988/RoadRunner-mc1.16.5-1.3.0.jar,mods/RoadRunner-mc1.16.5-1.3.0.jar
https://edge.forgecdn.net/files/3459/118/Patchouli-1.16.4-53.2.jar,mods/Patchouli-1.16.4-53.2.jar
https://edge.forgecdn.net/files/3476/138/BetterDungeons-1.16.4-1.2.1.jar,mods/BetterDungeons-1.16.4-1.2.1.jar
https://edge.forgecdn.net/files/3482/897/Mantle-1.16.5-1.6.127.jar,mods/Mantle-1.16.5-1.6.127.jar
https://edge.forgecdn.net/files/3191/743/Notes-1.16.5-1.2.3.jar,mods/Notes-1.16.5-1.2.3.jar
https://edge.forgecdn.net/files/3391/999/seasonals-1.16.5-2.0.0.jar,mods/seasonals-1.16.5-2.0.0.jar
https://edge.forgecdn.net/files/3268/432/structure_gel-1.16.5-1.7.7.jar,mods/structure_gel-1.16.5-1.7.7.jar
https://edge.forgecdn.net/files/3223/291/step-1.16.4-1.1.0.jar,mods/step-1.16.4-1.1.0.jar
https://edge.forgecdn.net/files/3424/488/unnamedanimalmod-1.0.0.jar,mods/unnamedanimalmod-1.0.0.jar
https://edge.forgecdn.net/files/3494/644/CraftTweaker-1.16.5-7.1.2.453.jar,mods/CraftTweaker-1.16.5-7.1.2.453.jar
https://edge.forgecdn.net/files/3307/879/BetterCaves-Forge-1.16.4-1.1.2.jar,mods/BetterCaves-Forge-1.16.4-1.1.2.jar
https://edge.forgecdn.net/files/3112/74/glazedsymmetry-1.0.jar,mods/glazedsymmetry-1.0.jar
https://edge.forgecdn.net/files/3485/636/ferritecore-2.1.0-forge.jar,mods/ferritecore-2.1.0-forge.jar
https://edge.forgecdn.net/files/3311/520/decorative_blocks_abnormals-1.2.jar,mods/decorative_blocks_abnormals-1.2.jar
https://edge.forgecdn.net/files/3195/284/Better-Badlands-1.16.5-2.0.3.jar,mods/Better-Badlands-1.16.5-2.0.3.jar
https://edge.forgecdn.net/files/3477/842/jeed-1.16.5-1.1.jar,mods/jeed-1.16.5-1.1.jar
https://edge.forgecdn.net/files/3491/52/cookielicious-1.16.5-1.4.3.jar,mods/cookielicious-1.16.5-1.4.3.jar
https://edge.forgecdn.net/files/3452/65/customizableelytra-1.16.4-1.5.7.jar,mods/customizableelytra-1.16.4-1.5.7.jar
https://edge.forgecdn.net/files/3419/826/muchmoremodcompat-1.0.0.jar,mods/muchmoremodcompat-1.0.0.jar
https://edge.forgecdn.net/files/3411/810/irregularchef-1.16.5-1.0.1.jar,mods/irregularchef-1.16.5-1.0.1.jar
https://edge.forgecdn.net/files/3398/198/antiquewaystones-1.3.jar,mods/antiquewaystones-1.3.jar
https://edge.forgecdn.net/files/3202/827/fantasy-forge-1.1.1.jar,mods/fantasy-forge-1.1.1.jar
https://edge.forgecdn.net/files/3493/463/supplementaries-1.16.5-0.17.6.jar,mods/supplementaries-1.16.5-0.17.6.jar
https://edge.forgecdn.net/files/3222/746/farmersdelightintegration-1.16.5-1.0.3.jar,mods/farmersdelightintegration-1.16.5-1.0.3.jar
https://edge.forgecdn.net/files/3250/694/windowlogging-mc1.16.3_v0.0.4.jar,mods/windowlogging-mc1.16.3_v0.0.4.jar
https://edge.forgecdn.net/files/3301/978/seals-1.16.3-2.1.2.jar,mods/seals-1.16.3-2.1.2.jar
https://edge.forgecdn.net/files/3224/747/Tips-1.16.5-4.0.7.jar,mods/Tips-1.16.5-4.0.7.jar
https://edge.forgecdn.net/files/3490/981/Quark-r2.4-319.jar,mods/Quark-r2.4-319.jar
https://edge.forgecdn.net/files/3151/319/StructuredCrafting-1.16.4-0.2.2.jar,mods/StructuredCrafting-1.16.4-0.2.2.jar
https://edge.forgecdn.net/files/3433/589/lepton-1.16.5-1.3.2.jar,mods/lepton-1.16.5-1.3.2.jar
https://edge.forgecdn.net/files/3200/324/frozenup-1.0.1.jar,mods/frozenup-1.0.1.jar
https://edge.forgecdn.net/files/3491/509/FarmersDelight-1.16.5-0.5.0.jar,mods/FarmersDelight-1.16.5-0.5.0.jar
https://edge.forgecdn.net/files/3227/802/personality-1.16.5-1.0.2.jar,mods/personality-1.16.5-1.0.2.jar
https://edge.forgecdn.net/files/3249/305/berry_good-1.16.5-4.1.1.jar,mods/berry_good-1.16.5-4.1.1.jar
https://edge.forgecdn.net/files/3344/719/BetterMineshafts-Forge-1.16.4-2.0.4.jar,mods/BetterMineshafts-Forge-1.16.4-2.0.4.jar
https://edge.forgecdn.net/files/3296/675/blockswap-1.1.1.jar,mods/blockswap-1.1.1.jar
https://edge.forgecdn.net/files/3485/945/farsight-1.4.1-1.16.5.jar,mods/farsight-1.4.1-1.16.5.jar
https://edge.forgecdn.net/files/3166/283/decorative_blocks-1.16.4-1.7.2.jar,mods/decorative_blocks-1.16.4-1.7.2.jar
https://edge.forgecdn.net/files/3412/586/BetterStrongholds-1.16.4-1.2.1.jar,mods/BetterStrongholds-1.16.4-1.2.1.jar
https://edge.forgecdn.net/files/3243/768/leap-1.16.4-1.1.1.jar,mods/leap-1.16.4-1.1.1.jar
https://edge.forgecdn.net/files/3342/857/Fruitful-1.16.5-2.1.0.jar,mods/Fruitful-1.16.5-2.1.0.jar
https://edge.forgecdn.net/files/3317/873/BetterAdvancements-1.16.5-0.1.0.108.jar,mods/BetterAdvancements-1.16.5-0.1.0.108.jar
https://edge.forgecdn.net/files/3088/871/QuarkOddities-1.16.3.jar,mods/QuarkOddities-1.16.3.jar
https://edge.forgecdn.net/files/3471/6/ContentTweaker-1.16-1.0.0.develop.26.jar,mods/ContentTweaker-1.16-1.0.0.develop.26.jar
https://edge.forgecdn.net/files/3326/41/AutoRegLib-1.6-49.jar,mods/AutoRegLib-1.6-49.jar
https://edge.forgecdn.net/files/3482/306/ftb-backups-2.1.2.2.jar,mods/ftb-backups-2.1.2.2.jar
https://edge.forgecdn.net/files/3457/851/abnormals_core-1.16.5-3.3.0.jar,mods/abnormals_core-1.16.5-3.3.0.jar
https://edge.forgecdn.net/files/3295/700/autumnity-1.16.5-2.1.1.jar,mods/autumnity-1.16.5-2.1.1.jar
https://edge.forgecdn.net/files/3103/834/SimpleDiscordRichPresence-1.16.4-1.3.5.jar,mods/SimpleDiscordRichPresence-1.16.4-1.3.5.jar
https://edge.forgecdn.net/files/3303/283/YungsExtras-Forge-1.16.4-1.0.jar,mods/YungsExtras-Forge-1.16.4-1.0.jar
https://edge.forgecdn.net/files/3318/948/dungeons_plus-1.16.5-1.1.5.jar,mods/dungeons_plus-1.16.5-1.1.5.jar
https://edge.forgecdn.net/files/3495/858/chalk-1.16.5-1.2.1.jar,mods/chalk-1.16.5-1.2.1.jar
https://edge.forgecdn.net/files/3107/953/the-conjurer-1.16.4-1.0.13.jar,mods/the-conjurer-1.16.4-1.0.13.jar
https://edge.forgecdn.net/files/3166/929/chocolate-1.3.0-1.16.4.jar,mods/chocolate-1.3.0-1.16.4.jar
https://edge.forgecdn.net/files/3214/651/charm-forge-1.16.5-2.3.2.jar,mods/charm-forge-1.16.5-2.3.2.jar
https://edge.forgecdn.net/files/3467/280/alexsmobs-1.12.1.jar,mods/alexsmobs-1.12.1.jar
https://edge.forgecdn.net/files/3494/919/YungsApi-1.16.4-Forge-13.jar,mods/YungsApi-1.16.4-Forge-13.jar
https://edge.forgecdn.net/files/3202/662/MouseTweaks-2.14-mc1.16.2.jar,mods/MouseTweaks-2.14-mc1.16.2.jar
https://edge.forgecdn.net/files/3188/120/shutupexperimentalsettings-1.0.3.jar,mods/shutupexperimentalsettings-1.0.3.jar
https://edge.forgecdn.net/files/3480/210/Controlling-7.0.0.26.jar,mods/Controlling-7.0.0.26.jar
https://edge.forgecdn.net/files/3488/929/selene-1.16.5-1.8.1.jar,mods/selene-1.16.5-1.8.1.jar
https://edge.forgecdn.net/files/3437/9/Placebo-1.16.5-4.6.0.jar,mods/Placebo-1.16.5-4.6.0.jar
