{
  "parent": "minecraft:end/find_end_city",
  "display": {
    "icon": {
      "item": "endergetic:music_disc_kilobyte"
    },
    "title": {
      "translate": "advancement.crucial.get_all_music_discs"
    },
    "description": {
      "translate": "advancement.crucial.get_all_music_discs.desc"
    },
    "frame": "challenge",
    "show_toast": true,
    "announce_to_chat": true,
    "hidden": false
  },
  "criteria": {
    "music_disc_13": {
      "trigger": "minecraft:inventory_changed",
      "conditions": {
        "items": [
          {
            "item": "minecraft:music_disc_13"
          }
        ]
      }
    },
    "music_disc_cat": {
      "trigger": "minecraft:inventory_changed",
      "conditions": {
        "items": [
          {
            "item": "minecraft:music_disc_cat"
          }
        ]
      }
    },
    "music_disc_blocks": {
      "trigger": "minecraft:inventory_changed",
      "conditions": {
        "items": [
          {
            "item": "minecraft:music_disc_blocks"
          }
        ]
      }
    },
    "music_disc_chirp": {
      "trigger": "minecraft:inventory_changed",
      "conditions": {
        "items": [
          {
            "item": "minecraft:music_disc_chirp"
          }
        ]
      }
    },
    "music_disc_far": {
      "trigger": "minecraft:inventory_changed",
      "conditions": {
        "items": [
          {
            "item": "minecraft:music_disc_far"
          }
        ]
      }
    },
    "music_disc_mall": {
      "trigger": "minecraft:inventory_changed",
      "conditions": {
        "items": [
          {
            "item": "minecraft:music_disc_mall"
          }
        ]
      }
    },
    "music_disc_mellohi": {
      "trigger": "minecraft:inventory_changed",
      "conditions": {
        "items": [
          {
            "item": "minecraft:music_disc_mellohi"
          }
        ]
      }
    },
    "music_disc_stal": {
      "trigger": "minecraft:inventory_changed",
      "conditions": {
        "items": [
          {
            "item": "minecraft:music_disc_stal"
          }
        ]
      }
    },
    "music_disc_strad": {
      "trigger": "minecraft:inventory_changed",
      "conditions": {
        "items": [
          {
            "item": "minecraft:music_disc_strad"
          }
        ]
      }
    },
    "music_disc_ward": {
      "trigger": "minecraft:inventory_changed",
      "conditions": {
        "items": [
          {
            "item": "minecraft:music_disc_ward"
          }
        ]
      }
    },
    "music_disc_11": {
      "trigger": "minecraft:inventory_changed",
      "conditions": {
        "items": [
          {
            "item": "minecraft:music_disc_11"
          }
        ]
      }
    },
    "music_disc_wait": {
      "trigger": "minecraft:inventory_changed",
      "conditions": {
        "items": [
          {
            "item": "minecraft:music_disc_wait"
          }
        ]
      }
    },
    "music_disc_pigstep": {
      "trigger": "minecraft:inventory_changed",
      "conditions": {
        "items": [
          {
            "item": "minecraft:music_disc_pigstep"
          }
        ]
      }
    },
    "music_disc_thime": {
      "trigger": "minecraft:inventory_changed",
      "conditions": {
        "items": [
          {
            "item": "alexsmobs:music_disc_thime"
          }
        ]
      }
    },
    "music_disc_daze": {
      "trigger": "minecraft:inventory_changed",
      "conditions": {
        "items": [
          {
            "item": "alexsmobs:music_disc_daze"
          }
        ]
      }
    },
    "music_disc_leaving_home": {
      "trigger": "minecraft:inventory_changed",
      "conditions": {
        "items": [
          {
            "item": "environmental:music_disc_leaving_home"
          }
        ]
      }
    },
    "music_disc_slabrave": {
      "trigger": "minecraft:inventory_changed",
      "conditions": {
        "items": [
          {
            "item": "environmental:music_disc_slabrave"
          }
        ]
      }
    },
    "music_disc_kilobyte": {
      "trigger": "minecraft:inventory_changed",
      "conditions": {
        "items": [
          {
            "item": "endergetic:music_disc_kilobyte"
          }
        ]
      }
    },
    "music_disc_fox": {
      "trigger": "minecraft:inventory_changed",
      "conditions": {
        "items": [
          {
            "item": "berry_good:music_disc_fox"
          }
        ]
      }
    },
    "music_disc_drips": {
      "trigger": "minecraft:inventory_changed",
      "conditions": {
        "items": [
          {
            "item": "quark:music_disc_drips"
          }
        ]
      }
    },
    "music_disc_ocean": {
      "trigger": "minecraft:inventory_changed",
      "conditions": {
        "items": [
          {
            "item": "quark:music_disc_ocean"
          }
        ]
      }
    },
    "music_disc_rain": {
      "trigger": "minecraft:inventory_changed",
      "conditions": {
        "items": [
          {
            "item": "quark:music_disc_rain"
          }
        ]
      }
    },
    "music_disc_wind": {
      "trigger": "minecraft:inventory_changed",
      "conditions": {
        "items": [
          {
            "item": "quark:music_disc_wind"
          }
        ]
      }
    },
    "music_disc_fire": {
      "trigger": "minecraft:inventory_changed",
      "conditions": {
        "items": [
          {
            "item": "quark:music_disc_fire"
          }
        ]
      }
    },
    "music_disc_clock": {
      "trigger": "minecraft:inventory_changed",
      "conditions": {
        "items": [
          {
            "item": "quark:music_disc_clock"
          }
        ]
      }
    },
    "music_disc_crickets": {
      "trigger": "minecraft:inventory_changed",
      "conditions": {
        "items": [
          {
            "item": "quark:music_disc_crickets"
          }
        ]
      }
    },
    "music_disc_chatter": {
      "trigger": "minecraft:inventory_changed",
      "conditions": {
        "items": [
          {
            "item": "quark:music_disc_chatter"
          }
        ]
      }
    },
    "music_disc_soul_spunk": {
      "trigger": "minecraft:inventory_changed",
      "conditions": {
        "items": [
          {
            "item": "infernalexp:music_disc_soul_spunk"
          }
        ]
      }
    },
    "music_disc_flush": {
      "trigger": "minecraft:inventory_changed",
      "conditions": {
        "items": [
          {
            "item": "infernalexp:music_disc_flush"
          }
        ]
      }
    },
    "music_disc_endermosh": {
      "trigger": "minecraft:inventory_changed",
      "conditions": {
        "items": [
          {
            "item": "quark:music_disc_endermosh"
          }
        ]
      }
    }
  }
}