{
  "parent": "minecraft:adventure/kill_a_mob",
  "display": {
    "icon": {
      "item": "quark:slime_in_a_bucket"
    },
    "title": {
      "translate": "advancement.crucial.get_slime_in_a_bucket"
    },
    "description": {
      "translate": "advancement.crucial.get_slime_in_a_bucket.desc"
    },
    "frame": "task",
    "show_toast": true,
    "announce_to_chat": true,
    "hidden": false
  },
  "criteria": {
    "slime_in_a_bucket": {
      "trigger": "minecraft:inventory_changed",
      "conditions": {
        "items": [
          {
            "item": "quark:slime_in_a_bucket"
          }
        ]
      }
    }
  }
}