{
  "parent": "minecraft:adventure/kill_a_mob",
  "display": {
    "icon": {
      "item": "quark:forgotten_hat"
    },
    "title": {
      "translate": "advancement.crucial.get_forgotten_hat"
    },
    "description": {
      "translate": "advancement.crucial.get_forgotten_hat.desc"
    },
    "frame": "task",
    "show_toast": true,
    "announce_to_chat": true,
    "hidden": false
  },
  "criteria": {
    "forgotten_hat": {
      "trigger": "minecraft:inventory_changed",
      "conditions": {
        "items": [
          {
            "item": "quark:forgotten_hat"
          }
        ]
      }
    }
  }
}